kepler_container_bpf_block_irq_total,kepler_container_bpf_net_tx_irq_total,kepler_container_bpf_cpu_time_us_total,kepler_container_bpf_net_rx_irq_total,kepler_node_package_joules_total
559.38,903.53,88.45,259.52,587.87
285.88,504.07,596.9,464.03,588.79
674.48,717.83,846.98,738.6,554.99
252.93,420.91,73.31,746.29,223.9
586.59,674.5,130.96,882.17,969.76
953.44,414.14,164.02,565.09,24.81
405.84,387.7,967.44,172.98,336.66
255.96,32.42,636.83,48.6,255.55
943.53,186.27,520.6,259.21,520.84
432.9,886.34,599.59,160.68,823.04
976.12,615.07,222.39,845.01,494.21
729.95,865.77,208.9,871.13,52.46
63.35,489.23,7.97,874.17,332.1
686.08,94.16,765.55,413.15,73.59
460.94,323.74,413.03,122.7,852.96
659.49,177.46,478.67,899.62,708.39
50.7,314.74,502.14,496.5,514.5
501.7,580.38,884.83,681.54,397.85
385.81,894.31,600.75,310.68,296.48
95.43,938.2,118.36,148.17,889.48
84.68,572.71,277.32,637,842.76
397.82,809.39,602.31,13.29,573.24
137.72,869.18,985.95,365.61,173.88
319.92,651.26,657.12,785.96,19.16
599.58,669.49,556.47,241.04,670.65
658.44,949.09,827.59,43.55,295.94
969.52,188.05,29.62,665.1,178.81
309.16,506.16,312.07,922.64,878.67
397.87,828.7,981.72,870.74,438.47
478.98,989.59,628.56,794.27,950.17
10.59,266.49,600.1,783.06,604.07
406.3,670.33,530.9,793,479.77
794.71,127.9,542.55,58.51,375.18
810.04,687.74,634.32,677.84,102.93
391.09,993.91,140.94,190.68,2.75
951.88,255.73,290.99,514.52,919.48
172.27,695.17,795.38,637.14,896.48
748.37,866.79,787.45,185.28,730.12
331.36,686.94,18.23,630.7,667.55
657.68,774.38,297.54,840.44,830.03
321.12,516.16,868.63,625.57,768.92
455.48,240.33,93.41,460.43,785.81
797.8,464.2,621.81,221.28,648.4
229.03,361.29,887.1,868.16,952.02
540.39,371.43,785.2,320.86,926.05
343.27,230.71,934.27,244.92,953.84
102.99,979.29,904.42,4.33,726.94
853.54,909.35,859.93,487.63,48.18
969.99,787.99,393.53,756.02,517.14
683.57,633.95,403.08,432.35,54.82
640.92,139.9,508.4,785.06,13.74
799.56,888.19,243.85,915.2,450.74
82.47,2.51,851.01,296.58,930.21
243.78,481.14,571.51,685.65,788.64
65.39,550.59,660.99,592.27,586.87
418.53,833.11,351.97,665.79,460.36
971.36,606.27,285.53,835.4,219.23
133.23,36.92,686.75,206.57,95.68
547.88,999.76,828.73,264.03,167.51
4.07,383.22,880.47,956.4,248.31
449.29,430.68,996.94,478.34,689.63
276.65,442.69,374.85,822.89,521.47
53.02,406.36,44.66,103.81,342.55
203.29,383.9,740.39,683.27,210.25
520.48,469.16,874.12,724.65,924.13
827.37,132.35,651.4,808.88,529.74
700.41,693.12,394.9,245.1,103.45
626.13,376.68,530.33,256.33,249.18
195.03,710.37,811.46,146.14,684.78
826.7,799.94,292.85,81.21,189.21
594.65,239.7,520.48,143.89,427.92
108.83,500.36,153.27,60.7,661.01
114.81,35.9,634.88,114.53,988.35
455.29,663.34,586.2,180.34,127.1
953.97,25.1,220.12,331.99,325.25
692.46,177.85,121.31,558.39,668
248.05,963.27,503.08,631.15,774.66
408.75,742.15,135.25,495.62,350.51
22.09,919.36,364.24,79.55,425.43
834.86,295.69,653.51,560.84,271.45
424.04,180.76,887,875.1,341.68
291.72,869.94,603.41,681.28,354.31
678.6,445.29,268.54,451.59,868.82
819.13,530.23,955.66,503.2,691.25
518.54,759.48,993.87,582.59,110.1
433.1,973.03,940.33,876.39,279.34
512.98,151.15,778.42,409.26,915.23
260.49,981.49,244.16,222.95,37.63
377.94,76.35,838.73,458.93,38.6
702.57,465.54,91.24,267.63,709.29
840.11,916.24,392.57,285.03,351.76
925.74,442.31,824.65,376.49,387.54
7.95,661.68,195.56,809.9,859.24
967.97,921.66,585.53,151.1,713.71
183.44,805.1,913.39,86.77,633.26
719.49,234.56,154.69,247.06,783.9
75.93,896.43,905.07,2.89,521.23
431.93,244.09,931.04,592.5,765.82
269.46,173.37,133.41,525.34,248.55
291.93,938.56,309.25,643.44,372.91
556.08,68.66,987.35,957.01,201.68
745.93,603.69,821.45,482.33,513.88
133.77,253.41,628.63,30.13,618.23
852.88,809.27,414.46,747.1,112.07
860.76,466.94,236.86,520.32,845.19
397.08,207.81,93.73,501.04,872.52
736.86,578.65,717.8,797.06,653.82
442.35,824.49,574.69,585.65,58.39
461.73,478.07,56.96,539.3,561.7
174.27,723.28,853.74,650.64,683.26
954.45,229.5,931.52,487.07,838.46
905.29,238.89,14.86,816.91,950.45
47.15,370.66,570.16,273.31,349.83
670.59,9.13,329.37,593.65,464.49
263.37,650.5,992.23,305.05,771.06
574.16,701.12,352.02,775.74,777.26
590.2,42.73,13.46,695.3,684.71
841.48,990.67,891.86,921.75,722.99
494.01,502.96,55.81,782.05,866.69
286.91,156,452.6,64.48,252.13
531.34,318.49,191.36,572.9,917.75
146.58,21.45,801.15,200.75,372.39
860.88,926.82,906.87,614.25,49.47
265.32,369.57,950.01,542.73,352.98
634.39,758.56,216.11,93.51,604.53
621.57,423,274.87,502.47,520.75
156.25,467.27,653.2,320.09,101.89
393.8,8.69,317.52,189.38,131.24
998.98,909.05,970.96,126.92,700.74
409.52,959.12,561.39,394.55,183.59
803.35,105.6,945.2,374.83,213.08
478.68,644.54,685.78,213.94,300.95
645.84,782.4,866.45,634.93,380.85
613.95,938.79,475.17,452.49,470.74
152.97,859.37,46.33,856.31,578.83
738.21,622.08,412.92,545.91,385.02
42.04,100.95,773.67,78.32,180.26
102.31,61.6,777.09,642.38,988.36
620.43,811.74,749.44,216.98,840.11
401.94,321.73,553.18,353.7,483.6
602.87,555.32,701.59,347.63,980.59
638.79,183.95,130.48,777.37,112.7
753.22,396.18,227.31,204.13,869.2
729.84,67.94,404.58,906.45,761.91
426.71,497.59,925.81,921.28,255.71
270.44,824.88,537.43,35.83,43.81
498.96,831.53,1000.8,725.67,721.72
591.31,806.15,484.09,433.09,254.1
566.13,451.59,63.93,559.93,622.18
687.65,291.46,481.63,638.31,106.87
101.96,192.59,731.68,46.65,180.93
947.2,116.42,254.67,672.69,734.28
986.95,48.5,739.31,605.89,679.71
794.89,838.07,355.47,39.98,621.96
964.14,529.41,772.47,153.03,831.46
276.48,744.23,6.18,771.96,528.48
141.62,368.43,531.54,881.92,357.84
547.77,656.32,74.94,958.57,281.74
822.08,143.38,368.13,990.15,591.88
496.02,31.76,176.82,920.93,889.81
686.2,737.78,27.07,890.66,987.92
772.18,404.79,416.69,767.95,174.22
281.06,6.92,877.41,187.98,589.44
890.34,454.62,847.1,21.83,327.55
634.34,648.33,375.92,923.11,357.91
386.14,477.37,514.11,497.67,141.59
112.12,628.03,107.78,404.51,764.99
545.75,667.89,846.11,83.77,489.68
968.97,147.57,346.5,973.31,623.89
713.78,690.38,875.1,168.65,948.34
288.39,715.05,437.25,242.86,221.33
671.67,387,918.61,68.9,976.26
668.68,581.1,764.9,203.93,667.23
83.08,311.84,554.02,709.24,917.67
728.09,453.29,592.31,649.71,765.19
255.96,409.12,861.63,700.15,341.02
17.96,866.4,495.18,72.88,119.65
158.79,189.73,885.96,936.01,865.4
99.86,20.34,750.17,45,825.17
771.97,921.49,745.56,41.14,296.94
52.42,830.61,139.63,248.46,160.91
89.25,671.17,517.5,928.1,575.38
734.01,833.93,584.08,163.93,529.88
333.5,965.85,378.24,817.12,365.47
744.73,691.49,487.22,658.22,619.78
701.71,749.67,453.68,367.3,472.4
595.3,424.83,527.31,512.69,356.38
479.06,828.98,98.06,102.29,647.22
175.68,487.59,174.07,401.15,409.54
770.52,109.24,264.23,417,975.83
970.92,376.59,427.07,813.42,63.27
313.68,592,371.4,551.43,850.85
355.85,85.43,224.77,173.36,408.88
138.85,883.43,833.96,713.65,637.25
697.3,171.64,271.51,304.55,275.26
88.18,84,485.54,552.53,933.94
814.73,621.53,157.43,709.24,43.67
96.1,914.03,641.59,154.1,616.94
457.86,546.27,178.78,494.72,334.07
803.8,240.73,976.33,285.68,842.72
208.83,360.13,395.11,146.5,179.37
359.7,228.95,308.53,151.03,137
942.45,727.92,904.72,827.92,444.94
363,100.73,425.03,732.66,100.45
695.14,759.08,137.65,883.77,901.34
758.58,34.14,304,800.88,961.89
669.28,222.34,83.82,988.63,61.76
999.69,700.14,726.21,124.98,862.63
645.19,618.14,35.29,821.7,714.23
431.5,300.19,287.66,32.97,126.96
891.08,722.29,513.07,301.03,536.74
198.71,549.34,28.79,908.14,711.18
780.22,798.76,156.97,419.01,565.53
354.63,484.3,556.91,66.58,650.15
930.89,437.24,178.76,432.4,349.93
878.92,144.51,175.37,406.34,365.87
510.97,156.94,587.64,228.42,80.89
24.69,908.96,147.94,386.36,717.31
77.57,299.68,731.24,367.41,661.1
604.57,544.26,688.54,675.76,150.65
223.14,257.65,850.46,810.42,467.05
502.68,218.12,447.3,614.8,73.15
14.97,599.29,280.75,533.92,495.13
182.78,426.25,88.4,563.54,673.89
477.22,885.51,832.96,217.25,952.64
258.24,824.18,963.97,732.24,383.33
589.53,899.23,566.27,725.43,694.45
888.73,432.85,2.14,89.01,198.47
822,493.77,251.41,428.85,654.8
987.36,661.72,798.67,136.47,767.57
252.78,542.54,90.48,286.16,500.62
931.38,195.85,918.8,595,981.66
346.64,793.35,308.04,435.29,305.89
295.18,297.15,104.35,542.6,785.93
815.26,923.14,873.9,515.68,229.99
764.91,802.84,765.19,784.83,315.87
999.48,555.52,622.57,859.02,494.19
144.47,570.55,846.48,2.93,645.7
412.2,696.29,843.92,151.2,104.81
869.48,90.71,822.3,554.98,21.65
479.58,528.44,355.58,147.57,955.1
775.59,375.15,934.47,993.27,938.15
906.83,978.45,869.2,555.96,322.2
43.79,90.89,996.25,465.84,12.52
280.31,919.15,852.56,528.71,225.54
152.22,258.5,969.78,628.47,386.19
210.17,786.41,570.66,862.57,803.65
313.68,92.24,201.38,857.76,423.74
417.86,52.86,158.03,129.32,951.74
988.17,344.22,809.97,989.14,733.69
7.57,546.27,59.68,464.4,420.79
830.42,455.17,785.49,842.63,428.95
495.54,374.88,480.15,396.72,148.83
462.7,276.77,842.47,569.67,839.37
12.4,950.95,176.78,857.49,115.91
963.51,5.4,491.58,234.74,361.76
606.83,25.42,891.16,237.79,297.72
136.68,724.56,454.35,656.28,515.19
540.95,530.62,989.49,34.11,64.28
855.29,429.27,474.04,484.94,314.22
862.38,760.75,932.17,66.41,974.37
304.16,617.14,619.94,301.69,112.27
829.47,648.36,649.35,607.56,195.66
19.77,283.37,531.4,162.43,537.54
733.07,246.55,149.48,443.57,526.75
852.42,520.5,572.56,107.1,226.08
723.67,170.08,533.77,78.92,483.95
726.15,996.43,795.94,29.54,196.32
403.23,457.97,280.86,437.39,727.83
634.47,314.9,193.51,317.69,53.31
179.22,337.55,623.9,165.93,890.57
109.01,580.88,218.03,275.69,22.83
24.53,672.62,975.14,970.56,482.54
246.44,934.25,898.78,634.44,759.19
458.79,167.16,282.68,926.47,247.99
227.17,713.73,622.82,520.18,334.69
648.51,560.78,631.84,495.76,605.79
54.27,56.98,301.21,957.1,209.28
586.55,651.06,877.71,809.8,737.25
573.7,74.7,877.15,268.53,82.51
843.98,396.77,833.4,25.78,133.7
566.21,471.29,443.41,688.06,57.49
746.39,399.1,40.51,350.43,205.3
438.56,795.27,874.6,981.7,446.4
749.42,171.14,990.15,382.87,828.69
988.6,863.77,57.37,191.18,196.72
175.23,955.65,742.77,453.08,257.8
687.91,620.43,623.26,340.77,906.63
911.59,824.8,441.35,697.89,122.73
811.72,88.07,615.64,844.25,717.01
613.93,956.39,486.02,869.05,16.31
286.11,640.66,231.55,312.75,107.74
217.92,961.85,129.95,465.75,606.55
315.69,155.83,910.78,621.68,323.04
73.1,86.5,29.1,113.17,292.79
552.9,936.73,866.43,49.11,532.46
119.07,913.45,223.36,144.72,315.95
562.65,95.26,645.1,54.66,946.98
56.77,275.03,948.02,23.68,562.42
809.24,977.85,329.95,162.66,199.18
231.07,729.77,272.6,391.05,861.37
119.08,472.26,8.85,870.56,97.86
414.7,870.77,826.85,903.98,6.67
761.64,235.09,932.84,659.8,265.39
499,595.61,45.63,117.49,764.42
10.92,318.93,599.52,906.75,423.37
585.76,829.96,360.71,986.94,380.34
486.44,395.32,699.9,272.95,492.33
710.94,538.71,328.58,844.57,365.62
364.16,330.17,736.27,582.54,605.87
755.2,775.78,82.12,428.93,978.59
901.15,528.96,96.99,856.34,860.42
815.05,704.62,686.11,811.59,621.58
288.66,304.76,26.84,153.4,906.18
777.58,439.44,409.37,536.74,761.96
168.18,992.53,592.73,223.88,234.75
318.65,316.65,762.51,684.8,88.03
329.53,550.75,632.79,90.04,78.78
20.65,748.01,350.01,534.8,392.55
781.78,968.09,887.81,965.25,329.48
599.41,436.22,441.9,651.55,426.9
348.62,146.33,710.98,219.49,267.66
80.16,660.5,467.47,291.85,497.29
85.64,320.37,521.24,807.88,44.57
195.77,866.29,834.18,997.22,224.73
339.2,381.89,704.02,101.06,892.85
286.58,881.26,9.43,1.44,233.99
572.26,820.23,113.88,571.37,428.32
840.19,380.95,544.97,817.53,331.53
385.32,533.93,482.57,791.43,356.26
202.92,932.02,134.78,680.85,359.93
313.09,521.25,209.78,50.46,695.18
841.93,796.7,985.56,853.58,794.68
147.48,784.52,755.94,513.97,907.43
739.11,265.26,528.99,846.03,436.72
700.17,545.2,996.44,754.47,998.2
887.26,227.75,684.6,192.07,923.9
878.74,479.77,15.67,180.48,158.83
87,914.16,405.05,849.72,390.08
674.38,397.99,79.56,476.63,127.13
356.35,356.36,95.74,501.06,239.77
145.6,521.71,385.78,806.54,141.38
445.46,6.49,847.19,532.73,441.36
389.9,827.95,893.48,101.92,888.56
504.26,916.59,45.35,573.03,530.22
686.38,806.62,363.53,810.82,790.04
167.49,881.85,574.12,850.4,348.48
918.15,534.3,314.36,454.89,791.16
693.58,289.37,591.61,270.13,255.6
932.98,362.86,8.67,116.21,968.58
202.27,729.59,89.75,869.65,113.42
932.9,561.6,970.74,229.03,728.6
794.22,248.66,941.34,749.51,522.9
702.83,39.46,752,534.9,312.56
450.34,453.31,345.84,958.95,119.69
918.67,137.27,141.35,892.1,315.53
978.94,815.76,11.58,227.1,359.89
48.09,734.13,694.74,450.33,807.19
728.45,288.04,250.31,777.05,759.81
151.74,970.28,301.66,158.89,544.13
161.92,57.75,343.35,53.72,131.58
174.01,17.64,711.39,404.59,965.14
599.31,977.5,900.48,626.02,755.75
875.27,839.86,198.77,980.52,371.72
803.61,848.68,336.01,883.17,230.44
691.06,380.07,589.52,444.82,913.23
165.3,687.48,225.64,853.48,392.9
794.76,680.37,350.76,954.55,258.49
284.72,677.19,408.19,407.44,544.5
758.46,832.93,600.56,642.38,95.06
259.35,981.26,818.15,883.21,358.16
413.9,28.45,948.85,454.3,475.67
86.05,199.9,118.69,288.37,90.16
121.74,749.39,599.15,476.87,356.37
261.74,582.06,640.27,239.4,196.19
594.22,385.11,859.75,228.66,880.78
912.58,719.61,695.86,310.19,616.57
674.54,689.81,903.45,947.68,376.44
705.9,411.25,666.68,129.71,825.43
9.24,804.66,309.56,29.84,61.56
802.43,406.38,277.39,1.74,875.31
358.03,891.26,427.8,708.91,669.78
408.33,561.74,918.5,805.95,245.63
627.91,581.33,175.69,84.41,588.42
487.7,355.7,52.96,748.73,775.67
124.93,823.46,661.77,150.17,271.55
176.75,312.1,136.5,213.64,967.4
525.5,37.22,76.56,466.71,325.68
108.7,729.82,724.88,68.7,629.22
600.06,304.07,367.13,212,541.49
476.7,872.91,661.71,86.35,97.86
379.6,527.06,447.96,866.33,317.39
708.46,616.79,625.15,35.45,790.68
982.72,89.24,67.66,590.56,363.42
862.64,238.14,680.21,42.18,578.53
619.07,704.31,43.11,313.39,708.07
854.32,119.99,456.72,464.81,836.45
210.17,281.19,790.58,808.43,782.95
917.44,6.57,672.71,736.04,562.96
528.83,358.38,698.16,325.32,969.37
110.04,579.23,4.71,77.28,169.1
750.61,257.15,718.92,25.49,37.16
590.07,237.12,991.27,524.42,311.4
808.77,20.49,711.41,937.84,226.13
663.25,865.86,28.36,827.98,541.75
441.47,610.1,12.72,362.91,760.87
863.05,338.54,822.13,289.54,670.63
249.52,738.35,978.12,182.85,302.33
261.43,107.63,386.95,47.52,867.53
1.23,931.84,770.02,716.28,449.21
175.04,444.64,483.73,313.81,247.01
265.58,93.48,101.08,148.99,580.74
852.12,501.14,492.36,554.44,257.99
448.61,283.92,948.41,349.34,730.95
266.89,794.92,91.17,733.19,529.17
504.03,407.93,882.04,525.99,975.25
633.19,850.26,740.98,4.81,394.71
950.14,699.61,344.48,482.27,134.99
765.66,340.04,956.15,940.07,384.58
989.39,620.22,802.22,594.66,850.47
420.86,123.38,314.69,578.01,394.28
480.43,670.42,390.39,831.89,81.98
128.5,16.41,453.05,732.76,899.59
965.41,393.37,658.24,380.54,823.35
28.35,660.26,267.33,16.08,551.42
359.75,232.04,590.03,884.59,289.09
705.44,142.88,225.73,746.97,64.17
992.81,925.87,787.53,383.79,307.69
770.54,665.64,441.35,943.78,106.54
530.34,273.57,654.42,82.55,501.74
542.42,103.11,369.53,1.71,427.53
84.15,520.44,867.96,7.33,615.59
706.78,208.6,200.93,232.98,720.12
710.11,530.97,294.76,36.88,291.3
615.13,744.23,843.78,787.87,848.82
620.23,945.67,831.83,140.06,41.17
532.22,234.8,826.83,640.07,898.72
707.69,884.78,217.55,912.15,408.73
124.78,368.68,945.52,504.66,62.22
152.74,981.5,266.57,448.99,517.75
10.1,307.71,740.49,31.52,950.92
520.79,255.13,335.18,872.3,200.52
969.75,582.62,982.89,767.37,814.51
453.7,510.65,127.27,831.11,176
173,392.27,263.62,721.42,536.1
191.9,798.59,515.81,663.61,858.98
159.5,210.04,536.85,869.73,409.33
207.95,407.29,403.31,245.18,233.12
598.23,990.46,707.54,23.12,266.05
156.91,997.96,84.42,800.26,750.45
257.07,248.81,160.96,436.74,161.44
367.8,58.01,498.66,522.53,9.04
33.54,486.41,271.62,566.07,658.63
940.18,370.48,981.24,278.22,218.72
517.54,513.43,665.15,109.85,255.88
106.1,225.6,178.52,286.47,635.22
266.46,322.14,922.05,824.75,726.27
521.55,386.01,846.28,655.84,647.67
401.77,941.66,435.46,660.14,152.81
868.4,841.63,489.74,854.18,317.22
322.25,155.87,709.82,194.24,680.03
643.88,586.97,281.52,438.16,990.54
933.34,207.19,429.62,402.53,7.87
900.89,346.89,398.05,638.65,621
188.77,16.8,928.03,532.41,221.98
302.64,376.31,220.9,355.11,356.81
451.2,481.86,837.19,861.76,116.1
842.28,70.05,849.61,148.54,597.27
956.8,972.47,386.42,930.26,616.3
716.06,710.6,387.47,934.68,824.18
221.77,519.6,787,793.54,970.64
804.08,504.49,9.07,67.48,470.34
64.97,257.09,166.68,415.58,660.03
814.4,207.38,6.25,331.61,263.19
761.95,887.97,281.73,148.06,117.42
448.28,15.7,32.83,286.18,393.01
481.38,236.76,649.25,571.89,983.16
944.63,995.53,256.48,467.94,169.63
835.88,769.8,812.24,128.69,388.59
965.36,943.55,179.6,852.55,801.58
172.91,611.53,699.21,541.93,647.68
432.99,421.96,735.18,506.3,962.04
690.24,149,984.76,57.88,226.93
632.9,30.3,107.59,149.95,540.32
964.02,109.01,156.3,129.08,883.24
947.59,987.68,560.39,930.55,67.37
128.83,886.54,950.1,582.95,372.35
361.01,869.31,172.07,755.68,793.61
935.78,136.57,223.45,163.05,776.55
585.25,252.75,42.89,369.3,429.25
438.98,67.66,906.59,859.31,818.41
738.46,98.69,864.56,72.91,254.26
71.12,745.4,322.11,545.41,2.56
762.76,36.17,571.91,157.98,68.64
520.66,193.39,440.2,605.2,230.63
345.4,615.63,339.42,614.64,100.14
679.71,827.6,596.88,906.25,103.83
234.62,110.99,288.31,986.89,18.67
658.95,170.55,42.23,466.96,538.18
459.96,384.11,37.68,427.03,956.13
195.24,877.17,22.09,988.95,562.38
301.04,904.62,824.68,236.13,653.48
849.37,585.94,714.79,336.4,672.64
288.31,870.41,685.49,614.77,725.59
38.24,313.79,598.09,645.13,467.24
473.02,687.86,592.16,417.43,453.69
794.13,99.91,408.76,967.48,424.48
964.61,988.25,346.99,543.8,356.21
172.65,884.69,222.88,500.64,867.19
213.04,325.32,273.39,759.38,287.88
927.26,420.6,450.49,219.68,718.12
269.25,383.61,637.22,377.51,853.26
286.31,785.62,708.54,823.89,37.75
822.73,893.45,548.71,887.6,773.62
73.01,785.09,815.16,213.03,424.59
581.58,786.42,82.63,528.06,948.53
606.03,94.53,230.11,517.55,777.95
746.92,260.4,834,676.46,282.15
384.32,339.48,635.38,402,308.97
794.09,649.43,410.98,19.56,849.98
557.99,286.23,335.63,143.83,668.01
140.18,865.2,734.59,175.69,200.81
574.54,62.91,919.89,109.08,418.3
51.28,638.39,123.15,683.01,50.56
163.27,305.94,598.59,686.91,320.62
949.68,860.09,610.57,214.62,752.17
315.55,298.38,445.6,194.01,328.05
856.88,761.54,515.55,692.76,477.76
12.66,106.68,109.55,232.06,548.23
915.01,313.73,345.18,821.86,38.11
220.09,869.28,145.99,920.04,477.57
445.87,163.42,498.79,57.98,772.53
72.8,329.26,828.79,467.74,684.21
991.16,938.24,749.3,627.14,7.84
16.98,161.91,881,803.89,450.46
168.35,513.22,966.21,872.62,851.46
601.93,839.94,685.75,176.02,362.37
765.84,610.24,512.79,173.92,798.06
408.67,5.05,169.28,44.2,948.69
635.02,372.96,721.06,254.64,235.53
887.66,409.8,660.72,209.09,576.1
822.92,45.56,445.32,572.61,414.37
248.7,849.42,510.27,969.84,791.01
494.97,172.45,209.62,578.16,570.62
713.74,71.03,198.2,611.87,490.72
922.02,649.43,79.05,561.03,363.42
524.96,452.33,349.98,563.77,403.61
217.99,614.93,245.09,975.26,323.8
95.01,707.38,589.03,790.86,697.5
742.33,759.84,965.79,275.69,168.98
721.52,532.15,685.51,241.62,531.91
555.86,139.43,210.28,215.38,952.99
828.69,845.61,251.32,140.5,814.7
678.33,512.62,769.89,803.52,407.34
278.07,668.99,827.86,332.65,142.31
292.98,836.11,101.31,181.38,570.81
817.17,348.82,972.13,424.41,996.24
692.96,860.8,136.42,631.29,714.73
684.3,838.07,186.73,790.66,621.13
362.25,198.54,181.73,799.69,250.2
476.29,111.14,135.96,45.61,614.06
565,554.78,814.67,68.97,836.74
692.74,626.72,119.45,74,147.01
345.98,795.68,384.51,105.47,108.07
1000.42,649.26,932.59,527.43,478.58
798.61,12.09,954.11,391.84,3.07
933.13,447.74,328.06,157.51,373.27
897.54,973.69,370.9,160.54,704.58
818.4,668.92,135.78,539.04,889.71
322.17,314.08,324.16,909.49,905.47
904.99,153.47,621.04,408.7,646.39
708.21,11.23,933.64,280.88,296.07
279.11,464.99,5.11,426.45,759.45
725.87,112.36,39.54,30.32,243.15
362.99,17.12,391.97,740.72,362.44
796.72,349.61,108.76,919.64,137.83
603.05,798.86,32.19,308.07,197.1
546.26,528.83,642.33,826.4,263.48
136.79,196.04,55.37,499.54,295.72
773.18,331.4,534.28,450.85,530.95
884.6,33.39,842.08,930.74,168.05
374.15,514.1,73.17,598.65,42.34
235.2,827,550.82,658.4,802.78
512.51,949.88,144.37,680.02,937.48
942.89,448.29,544.05,765.81,760.02
8.54,498.23,561.23,812.01,764.68
892.87,362.69,726.72,24.07,439.72
357.24,645.2,207.2,728.08,513.91
999.84,257.43,148.14,728.34,693.51
278.96,415.38,44.68,326.78,326.94
846.87,649.06,548.27,211.08,917.83
341.95,272.59,849.13,320.38,633.28
60.37,492.11,272.47,816.58,142.36
756.88,568.79,359.31,88.05,178.21
719.73,461.08,42.33,326.91,720.59
154.92,775.06,961.29,621.99,7.37
14.98,583.33,47.63,147,198.72
95.77,973.57,661.93,227.77,64.75
194.11,868.48,148.6,56.54,950.82
653.03,784.64,817.29,203.97,545.45
644.92,620.44,192.53,961.74,773.26
770.52,763.69,371.14,301.45,200.84
207.63,273.78,298.14,734.79,250.89
545.02,93.72,486.96,479.33,76.54
915.38,396.4,929.05,184.58,354.12
882.1,206.53,229.5,628.43,869.01
777,810.69,110.76,121.55,519.08
284.63,568.29,689.4,755.98,316.72
468.89,78.94,986.5,224.56,763.23
176.15,951.85,992.3,112.64,197.35
885.89,315.39,508.72,219.22,663.3
456.42,230.17,227.67,200.24,898.71
823.07,148.25,891.55,568.14,695.22
308.96,127.17,737.12,51.54,848.95
436.79,618.03,823.45,215.79,498.33
839.01,262.52,591.39,29.89,887.03
200.52,997.16,681.1,466.25,942.39
962.76,716.25,3.5,133.63,486.72
25.22,643.44,507.93,556.33,540.14
340.2,129.34,267.76,385.2,153.62
345.34,114.12,879.06,28.58,303.68
232.54,325.88,380.06,89.31,208.77
7.57,414.38,394.41,149.39,348.59
195.51,877.06,821.71,13.31,903.29
657.8,401.62,417.01,612.37,455.41
82.92,473.97,992.58,697.45,131.74
414.81,642.58,90.91,927.24,232.28
14.63,987.68,678.91,551.16,611.09
823.16,571.4,345.76,510.2,134.24
40.71,937.29,607.23,720.2,439
529.38,401.33,737.36,122.66,655.73
499.07,265.5,477,598.11,531.52
574.33,183.69,402.25,627.75,15.68
572.91,341.4,628.68,38.9,11.98
955.58,19.01,141.17,313.86,369.13
846.77,270.71,824.66,131.36,852.69
300.09,182.47,577.87,717.43,970.16
847.09,11.73,913.35,408.38,642.07
434.42,685.78,950.31,982.88,263.86
837.11,626.97,735.49,580.59,64.16
980.79,112.71,838.25,290.67,17.17
638.79,547.69,216.41,982.18,44.74
467.62,758.61,915.81,449.46,326
820.52,535.74,631.14,245.17,690.38
2.48,662.31,694.92,359.33,843.03
761.45,339.23,887.68,247.27,500.91
112.61,442.8,542.29,730.29,401.07
498.68,571.49,21.36,461.35,520.53
605.9,254.03,775.12,660.65,829.25
891.43,433.82,502.93,706.6,742.35
742.7,138.12,978.39,972.39,215.25
542.43,989.19,365.53,999.11,962.38
502.79,491.45,115.89,296.62,73.69
365.39,701.64,364.34,242.28,928.16
833.74,361.03,208.7,564.57,865.83
245.04,140.46,827.69,860.86,693.38
614.08,581.4,587.99,646.57,808.4
472.26,567.48,463.38,891.92,867.94
216.33,529.57,618.68,207.19,216.5
627.87,63.11,22.69,962.74,601.25
535.64,876.53,496.08,501.36,290.75
271.93,740.04,384.92,654.69,832.21
954.62,746.16,907.22,481.61,513.84
605.25,43.29,957.64,629.34,797.28
242.33,311.98,122.48,942.96,563.17
525.56,456.23,649.86,28.92,67.12
889.03,304.96,19.54,356.12,470.17
88.37,971.76,529.63,182.22,610.12
604.25,276.3,265.87,791.33,195.36
972.73,541.63,84.63,595.85,178.45
338.49,375.7,338.21,932.39,699.66
240.68,173.49,852.3,487.1,825.87
637.53,737.8,755.76,304.07,193.41
851.19,155.05,288.63,684.43,825.44
58.12,184.4,44.33,493.99,266.31
367.26,241.03,397.24,875.17,459.54
438.57,369.57,8.09,868.95,152.81
341.82,166.62,493.37,127,242.42
724.04,612.26,486.68,460.52,848.11
326.78,304.34,868.66,992.02,971.42
702.97,902.83,972.74,888.75,445.5
794.71,846.73,805.67,340.26,617.55
286.59,15.35,218.29,799.97,368.12
458.95,573.44,552.91,407.65,106.91
256.23,973.57,438.18,834.32,437.63
364.69,783.05,648.37,198.99,968.53
336.91,361.7,984.64,976.87,579.63
433.87,141.15,118.89,186.77,258.21
719.96,110.89,437.49,141.85,9.14
83.64,276.13,601.53,686.78,254.33
484.14,850.87,767.19,991.46,272.13
776.66,835.21,203.84,811.79,33.48
603.2,670.49,952.27,688.69,66.08
949.24,499.11,504.25,390.9,313.64
550.81,866.66,962.31,250.65,989.51
951.89,204.98,861.77,509.92,337.15
153.34,303.16,655.56,525.25,543.6
307.72,369.3,837.83,817.87,316.47
784.05,613.61,909.32,915.51,687.13
439.62,468.07,199.64,397.99,535.58
829.26,209.46,223.66,331.4,668.28
252.68,878.31,930.6,318.88,85.79
715.58,724.67,661.48,813.57,377.32
984.75,358.5,750.11,86.31,509.46
767.58,551.69,820.49,907.62,463.45
196.91,67.85,491.47,100.38,741.42
240.25,941.47,761.13,894.5,949.65
337.54,173.82,923.38,267.85,262.77
585.69,773.15,528.16,388.7,372.81
176.04,147.86,422.67,392.82,767.08
749.93,978.36,724.5,388.68,590.11
28.98,245.29,348.97,440.15,44.65
929.58,808.9,324.34,178.46,974.02
711.8,764.93,822.67,449.89,396.33
874.01,687.37,889.42,586.15,222.16
811.96,561.63,539.91,212.91,677.45
971.88,680.01,816.77,165.1,701.98
697.3,879.81,568.95,644.56,27.85
924.29,767.68,512.75,741.14,845.52
192.04,936.12,959.8,858.85,395.21
321.14,124.64,940.91,413.07,793.62
230.65,447.99,903.5,302.42,61.52
408.64,681.36,503.45,467.61,911.75
925.05,289.54,363.96,439.3,103.95
155.53,535.22,504.89,589.32,222.61
273.31,9.6,65.48,939.8,381.82
314.64,848.89,68.49,354.97,664.95
91.87,217.36,404.47,818.39,569.69
765.64,816.07,949.9,929.39,713.3
47.91,365.84,931.64,450.66,616.92
377.82,142.07,995.17,789.29,859.23
14.76,945.85,650.34,837.95,182.46
592.97,825.61,278.36,446.12,727.13
932.69,975.88,256.53,321.38,899.88
23.37,594.71,295.34,835.26,469.27
61.47,960.46,817.26,865.71,862.86
689.43,516.91,827.89,772.03,163.09
527.35,480.65,532.66,710.98,240.78
71.55,503.08,484.37,976.63,772.54
807.78,940.74,757.71,164.6,587.8
190.16,244.85,298.05,825.12,250.2
364.27,507.57,855.85,765.54,300.32
427,515.61,206.75,69.05,936.04
455.5,930.9,644.03,152.55,987.34
97.3,497.18,505.04,2.24,634.65
993.27,331.29,761.04,608.65,327.61
168.08,166.25,800.56,226.94,391.25
853.27,639,75.01,382.95,538.07
272.47,825.88,167.93,263.9,169.57
95.78,730.67,201.06,947.15,58.62
354.76,217.21,130.98,182.62,662.07
824.92,326.41,248.56,479.44,78.02
983.88,61.38,848.22,977.93,466.72
977.91,54.95,661.12,284.95,729.82
774.26,146.19,367.02,819.07,789.78
514.82,817.15,970.64,237.72,687.29
659.04,949.46,78.68,648.91,961.38
520.48,638.11,902.85,852.18,986.55
705.21,24.66,165.06,346.44,713.21
647.95,230.31,361.07,979.46,422.6
920.49,934.46,663.02,341.71,385.23
100.01,637.88,765.23,813.52,456.93
505.27,909.36,826.72,975.32,495.33
231.78,532.29,357.75,462.49,443.53
172.4,777.22,614.69,632.82,480.71
267.48,233.27,434.99,736.98,868.25
625.14,125.33,411.83,388.86,793.97
771.46,853.37,257.49,403.08,651.56
91.45,855.48,260.69,255.94,111.94
609.93,410.93,771.73,772.92,922.82
395.36,688,830.66,334.56,701.47
657.14,958.47,919.4,810.19,599.25
403.21,902.91,418.83,786.97,828.32
702.57,510.63,249.3,121.09,505.88
521.81,771.03,583.25,821.99,356.49
469.9,426.23,321.98,534.96,19.7
569.03,874.67,770.34,470.95,248.9
372.65,314.2,2.97,692.92,356.15
359.24,496.05,31.64,32.37,285.43
89.71,996.75,139.91,605.55,432.41
386.06,134.76,703.08,111.81,135.59
72.77,818.41,22.05,260.01,629.22
955.01,671.99,734.88,151.66,174.2
877.16,711.22,337.07,892.91,439.12
936.88,849.19,26.09,367.96,878.61
266.46,235.73,113.49,714.89,85.1
821.97,563.96,426.72,926,767.28
262.39,784.77,654.4,886.99,753.27
910.97,493.23,836.69,131.83,720.3
124.95,919.9,143.11,207.44,174.98
951.62,695.56,95.83,269.74,428.01
616.04,663.12,151.98,393.3,411.32
203.08,763.44,39.87,844.59,650.44
597.75,633.71,97.76,527.16,513.08
843.22,184.41,376.69,770.08,689.55
356.66,966.9,390.36,6.42,636.75
785.67,89.53,282.4,462.87,680.68
985.69,31.6,480.17,727.98,195.44
513.52,615.14,14.22,370.59,482.37
571.49,540.74,490.19,73.26,299.32
34.62,311.4,764.85,596.46,525.77
562.28,97.18,533.27,251.13,708.12
377.1,879.45,121.4,992.56,367.15
956.04,910.04,159.28,55.57,848.09
502.03,837.39,747.71,18.87,499.3
542.02,402.39,346.14,289.63,298.42
180.82,96.89,660.88,937.32,535.09
138.99,830.53,435.18,92.61,408.98
6.65,878.29,78.18,931.59,72.43
290.95,265.81,561.46,310.99,64.02
81.68,851.82,631.94,584.42,398.12
109.25,913.74,340.38,358.22,126.57
735.03,164.38,304.44,355.46,673.61
993.59,138.44,698.51,92.97,535.36
961.13,726.95,921.48,168.03,471.04
867.76,398.84,996.42,707.32,329.67
65.49,790.93,976.68,330.98,720.17
453.95,283.07,679.05,83.97,168.49
235,265.63,770.36,861.61,288.58
912.25,528.37,472.69,850.99,533.13
9.34,676.45,949.18,46.9,637.4
302.01,870.42,576.3,617.66,377
711.59,451.77,843.4,660.24,492.7
619.63,415.72,875.17,406.57,951.67
62.97,968.99,147.04,239.51,145.62
925.3,613.2,340.5,953.43,954.15
519.57,635.74,614.77,775.5,316.87
180.73,314.15,440.76,850.28,543.76
83.75,907.49,875.95,779.62,400
112.21,118.95,496.36,528.06,418.73
82.18,733.45,577.77,758.63,775.2
7.68,493.8,308.85,829.35,743.82
751.89,646.83,375.86,602.55,817.58
830.38,759.92,311.86,541.55,36.24
83.5,312.79,810.65,388.21,24.19
362.9,942.06,725.4,63.7,620.16
333.1,622.92,825.73,367.62,390.35
759.91,804.6,525.83,59.81,594.13
831.29,995.51,8.19,539.56,335.81
255.86,665.11,48.4,190.48,431.25
322.9,255.21,854.74,189.7,598
372.21,553.51,965.66,371.73,596.9
438.64,961.75,319.04,793.4,553.27
110.21,277.52,546.62,357.25,181.19
424.98,570.86,724.21,673.41,676.67
375.7,857.26,265.01,800.04,798.76
859.12,328.83,263.21,957.23,186.23
39.33,564.58,77.38,315.22,835.39
812.42,396.88,592.29,490.35,83.24
115.28,571.11,452.97,699.29,175.26
386.88,382.73,319.16,593.74,754.62
733.82,520.99,368.56,314.59,667.73
800.66,848.21,606.03,876.84,868.38
487.49,981.4,696.41,370.23,410.28
693.03,210.14,596.07,993.53,253.52
532.53,297.2,697.14,738.79,52.36
401.56,240.49,22.14,655.04,496.33
241.43,674.14,527.66,193.45,407.82
70.47,785.45,393.29,906.63,338.97
872.81,27.82,430.73,821.51,339.05
440.61,477.99,710.69,864.68,599.43
111.17,379.58,411.65,73.1,979.94
435.1,29.8,360.3,271.1,696.3
179.37,773.48,688.18,110.03,884.33
399.62,462.08,716.9,772.39,907.95
449.81,246.74,107.28,210.87,2.53
200.77,293.55,733.41,922.68,198.3
423.12,83.75,734.42,3.34,429.41
575.49,135.06,7.99,234.21,847.18
735.22,558.43,563.67,164.97,391.07
233.74,74.42,455.44,571.51,87.73
851.65,773.86,448.56,603.45,185.8
373.11,35.59,38.08,970.99,432.85
930.58,898.2,666.32,605.6,500.99
311.05,350.85,516.5,667.18,835.15
508.35,301.33,248.43,61.19,204.16
28.97,119.19,209.79,788.36,43.64
950.73,740.67,84.13,261.79,615.48
456.5,153.74,198.99,680.14,980.4
836.14,97.74,937.57,257.56,780.73
495.73,258.53,250.7,414.93,614.59
155.64,523.93,907.31,139.57,26.24
644.55,48.21,881.5,960.12,270.45
461.56,399.49,942.43,47.62,694.71
139.28,282.07,995.01,354.88,947.41
678.1,854.33,289.62,112.82,579.05
733.93,160.23,324.54,322.1,431.59
304.67,390.94,982.14,591.45,981.9
763.27,907.04,367.53,351.42,76.39
617.41,793.85,113.42,234.78,215.93
996.36,863.9,134.83,230.08,228.46
693.86,987.76,472.01,73.77,95.21
427.94,602.48,88.35,500.96,317.3
669.97,16.22,140.39,180.38,357.78
180.24,974.72,186.65,768.53,466.03
520.17,285.17,823.57,608.09,795.29
818.65,334.12,136.69,980.34,88.98
996.76,893.61,312.99,333.21,692.56
368.55,166.46,439.96,388.67,548.86
494.57,638.05,734.35,272.13,523.88
763.66,200.8,672.47,845.23,470.92
169.26,690.98,803.9,338.15,167.52
665.06,309.89,980.46,819.19,528.34
883.91,670.8,838.19,262.6,436.55
958.99,60.29,718.75,28.66,106.4
581.25,492.74,48.09,851.49,441.02
777.9,34.04,309.8,714.83,79.58
708.46,159.28,106.31,785.64,654.46
331.27,774.37,188.48,259.46,407.23
474.16,547.92,948.79,567.93,22.28
589.76,415.25,983.07,613.13,114.8
346.64,636.85,492.04,561.92,553.46
554.29,769.76,162.94,395.39,816.09
344.56,125.44,179.29,234.47,147.32
503.36,853.26,138.23,610.13,125.94
362.66,126.47,497.31,826.54,147.95
205.6,240.83,671.59,982.58,1000.56
654.14,449.03,975.43,572.93,184.26
739.48,537.22,839.1,705.55,316.5
334.79,700.52,492.08,721.31,609.57
789.89,83.24,805.67,223.79,308.75
896.4,171.38,75.55,825.28,384.88
623.03,726.65,611.65,636.86,865.86
205.09,279.08,692.28,556.2,491.05
619.33,664.06,825.98,351.94,889.49
814.03,305.07,419.8,794.62,707.19
881.99,629.72,355.57,247.96,868.65
235.47,62.14,169.95,861.84,89.53
548.31,814.97,836.39,394.69,126.48
362.07,661.41,161.51,753.07,316.42
840.58,215.37,497.7,174.44,135.28
279.94,577.16,112.67,275.22,24.43
7.56,116.85,264.3,403.13,306.84
237.85,517.98,622.49,106.64,787.76
70.38,496.04,694.43,214.44,215.69
601.11,502.09,390.59,142.65,271.98
263.8,230.42,34.56,957.37,509.03
528.28,992.71,81.31,846.83,265.98
788.19,522.99,869.56,404.54,377.3
646.43,225.91,535.25,794.1,730.63
607.66,988.27,523.98,264.45,683.41
962.27,672.17,192.73,773.12,539
804.8,645.25,125.02,763.46,263.28
524.23,27.06,817.64,830.68,52.76
938.84,5.37,534.62,171.32,413.88
995.74,172.48,26.23,731.84,504.4
466.24,345.28,716.67,80.54,236.29
230.24,996.97,188.55,403.51,77.24
780.63,414.14,40.4,475.14,853.25
825.44,849.44,625.95,851.42,145.89
467.12,332.52,800.58,740.03,171.6
796.73,621,35.97,972.1,996.93
96.87,14.6,25.25,57.66,54.78
106.6,667.76,948.3,547.14,644.97
246.07,236.66,397.09,469.94,26.6
273.16,889.28,426.57,729.43,171.94
57.07,689.5,207.14,316.63,295.84
933.97,636.45,139.41,389.81,192.37
818.41,733.82,434.47,501.53,845.98
780.12,182.19,276.18,563.59,208.21
999.33,501.37,551.55,863.47,776.53
216.06,730.98,962.42,737.23,356.07
133.88,271.03,115.2,246.26,450.14
438.62,113.43,468.2,804.51,423.21
797.51,751.13,894.64,742.99,562.3
144.32,198.5,47.3,342.12,571.33
424.91,906.55,365.9,9.46,263.9
405.39,602.96,166.98,953.5,724.51
951.95,81.66,16.38,931.08,688.44
544.48,94.89,691.99,411.95,811.15
481.51,252.05,875.43,538.25,146.79
983.97,305.55,939.23,842.64,265.08
33.63,605.68,152.51,862.11,12.57
881.19,75.04,251.42,483.06,285.26
465.1,149.3,268.65,158.27,884.56
798.12,827.36,384.28,744.12,679.51
104.91,512.13,745.26,798.62,530.29
543.5,631.3,749.6,348.31,432.02
654.12,468.64,597.15,309.93,995.82
950.81,904.29,449.68,164.53,612.97
988.62,395.82,944.5,340.55,968.81
833.45,828.48,75.75,812.69,505.74
21.15,249.65,83.74,806.25,31.56
511.72,907.35,710.92,517.08,212.92
228,148.45,369.1,87.18,991.54
852.15,511.55,972.28,876.23,972.36
897.8,342.4,543.36,265.88,264.17
933.46,251.82,236.52,945.13,467.89
814.28,199.63,201.97,860.19,347.87
32.3,15.92,843.62,734.83,445
720.21,782.52,912.34,361.99,397.07
17.12,47.72,65.72,707.13,521.9
417.52,555.86,222.45,304.52,328.5
212.03,115.65,573.57,920.44,605.29
964.47,768.43,77.74,556.23,435.19
751.5,678.85,338.99,39.56,861.16
221.83,941.49,73.63,222.45,362.12
587.57,169.53,287.35,733.45,115.1
103.24,66.3,91.86,299.31,473.02
60.56,59.72,350.45,704.65,517.35